player_id,probability,season,week,player_name,team,against,report_status,played,position,touchdown
00-0036223,0.8357584,2025,6,Jonathan Taylor,IND,ARI,Healthy,N,RB,
00-0031610,0.7788955,2025,6,Darren Waller,MIA,LAC,Healthy,N,TE,
00-0035700,0.77358407,2025,6,Josh Jacobs,GB,CIN,Healthy,N,RB,
00-0036963,0.76051176,2025,6,Amon-Ra St. Brown,DET,KC,Healthy,N,WR,
00-0040242,0.7317821,2025,6,Jacory Croskey-Merritt,WAS,CHI,Healthy,N,RB,
00-0040129,0.66426235,2025,6,Emeka Egbuka,TB,SF,Healthy,N,WR,
00-0038933,0.655375,2025,6,Dalton Kincaid,BUF,ATL,Healthy,N,TE,
00-0038544,0.65488,2025,6,Quentin Johnston,LAC,MIA,Healthy,N,WR,
00-0037248,0.6466935,2025,6,James Cook,BUF,ATL,Healthy,N,RB,
00-0039849,0.61862165,2025,6,Marvin Harrison Jr.,ARI,IND,Healthy,N,WR,
00-0038559,0.5846362,2025,6,Michael Wilson,ARI,IND,Healthy,N,WR,
00-0034844,0.57365936,2025,6,Saquon Barkley,PHI,NYG,Healthy,N,RB,
00-0030279,0.5624283,2025,6,Keenan Allen,LAC,MIA,Healthy,N,WR,
00-0036252,0.55658543,2025,6,Michael Pittman,IND,ARI,Healthy,N,WR,
00-0039919,0.5221426,2025,6,Rome Odunze,CHI,WAS,Healthy,N,WR,
00-0039793,0.5217906,2025,6,AJ Barner,SEA,JAX,Healthy,N,TE,
00-0037740,0.52026016,2025,6,Garrett Wilson,NYJ,DEN,Healthy,N,WR,
00-0036555,0.5166463,2025,6,Chuba Hubbard,CAR,DAL,Healthy,N,RB,
00-0035710,0.50998306,2025,6,Daniel Jones,IND,ARI,Healthy,N,QB,
00-0034613,0.5080977,2025,6,Tanner Hudson,CIN,GB,Healthy,N,TE,
00-0034857,0.50581616,2025,6,Josh Allen,BUF,ATL,Healthy,N,QB,
00-0034351,0.5025513,2025,6,Dallas Goedert,PHI,NYG,Healthy,N,TE,
00-0037816,0.5025387,2025,6,Romeo Doubs,GB,CIN,Healthy,N,WR,
00-0034983,0.49845767,2025,6,Hunter Renfrow,CAR,DAL,Healthy,N,WR,
00-0036389,0.4982599,2025,6,Jalen Hurts,PHI,NYG,Healthy,N,QB,
00-0034418,0.4976866,2025,6,Cedrick Wilson Jr.,MIA,LAC,Healthy,N,WR,
00-0036900,0.4922172,2025,6,Ja'Marr Chase,CIN,GB,Healthy,N,WR,
00-0037545,0.47057378,2025,6,Rashid Shaheed,NO,NE,Healthy,N,WR,
00-0037247,0.4686521,2025,6,George Pickens,DAL,CAR,Healthy,N,WR,
00-0039623,0.4686413,2025,6,Mason Tipton,NO,NE,Healthy,N,WR,
00-0034981,0.4686413,2025,6,Foster Moreau,NO,NE,Healthy,N,TE,
00-0036613,0.45676082,2025,6,Jaylen Waddle,MIA,LAC,Healthy,N,WR,
00-0035685,0.42661497,2025,6,David Montgomery,DET,KC,Healthy,N,RB,
00-0034073,0.4127383,2025,6,Ross Dwelley,DET,KC,Healthy,N,TE,
00-0040666,0.41191876,2025,6,Omarion Hampton,LAC,MIA,Healthy,N,RB,
00-0036919,0.40699983,2025,6,Kenneth Gainwell,PIT,CLE,Healthy,N,RB,
00-0036158,0.40394837,2025,6,J.K. Dobbins,DEN,NYJ,Healthy,N,RB,
00-0039901,0.39809346,2025,6,Keon Coleman,BUF,ATL,Healthy,N,WR,
00-0039792,0.3917417,2025,6,Devontez Walker,BAL,LA,Healthy,N,WR,
00-0036973,0.38986346,2025,6,Travis Etienne,JAX,SEA,Healthy,N,RB,
00-0035640,0.37928385,2025,6,DK Metcalf,PIT,CLE,Healthy,N,WR,
00-0039810,0.37814716,2025,6,Jermaine Burton,CIN,GB,Healthy,N,WR,
00-0037840,0.3747151,2025,6,Kyren Williams,LA,BAL,Healthy,N,RB,
00-0038041,0.37331238,2025,6,Jake Ferguson,DAL,CAR,Healthy,N,TE,
00-0038563,0.36564645,2025,6,Tre Tucker,LV,TEN,Healthy,N,WR,
00-0039424,0.36262223,2025,6,Devaughn Vele,NO,NE,Healthy,N,WR,
00-0040162,0.3617793,2025,6,Dylan Sampson,CLE,PIT,Healthy,N,RB,
00-0038996,0.36135978,2025,6,Tucker Kraft,GB,CIN,Healthy,N,TE,
00-0032764,0.35757604,2025,6,Derrick Henry,BAL,LA,Healthy,N,RB,
00-0038104,0.35586676,2025,6,Tyquan Thornton,KC,DET,Healthy,N,WR,
00-0036945,0.35529834,2025,6,Justin Fields,NYJ,DEN,Healthy,N,QB,
00-0040187,0.34761474,2025,6,Mitchell Evans,CAR,DAL,Healthy,N,TE,
00-0035243,0.34341332,2025,6,Miles Sanders,DAL,CAR,Healthy,N,RB,
00-0036924,0.34339485,2025,6,Michael Carter,ARI,IND,Healthy,N,RB,
00-0040128,0.3399061,2025,6,Tyler Warren,IND,ARI,Healthy,N,TE,
00-0037256,0.33890364,2025,6,Rachaad White,TB,SF,Healthy,N,RB,
00-0038394,0.33867213,2025,6,Will Mallory,IND,ARI,Healthy,N,TE,
00-0039361,0.33218843,2025,6,Bucky Irving,TB,SF,Healthy,N,RB,
00-0033873,0.33126703,2025,6,Patrick Mahomes,KC,DET,Healthy,N,QB,
00-0037261,0.32897866,2025,6,Khalil Shakir,BUF,ATL,Healthy,N,WR,
00-0039040,0.32883376,2025,6,De'Von Achane,MIA,LAC,Healthy,N,RB,
00-0037475,0.32158825,2025,6,Stone Smartt,NYJ,DEN,Healthy,N,TE,
00-0037755,0.32158825,2025,6,Jelani Woods,NYJ,DEN,Healthy,N,TE,
00-0039884,0.31942123,2025,6,Tahj Washington,MIA,LAC,Healthy,N,WR,
00-0039874,0.31942123,2025,6,Jaylen Wright,MIA,LAC,Healthy,N,RB,
00-0035228,0.31940737,2025,6,Kyler Murray,ARI,IND,Healthy,N,QB,
00-0034798,0.31557602,2025,6,Durham Smythe,CHI,WAS,Healthy,N,TE,
00-0035719,0.31323966,2025,6,Deebo Samuel Sr.,WAS,CHI,Healthy,N,WR,
00-0033280,0.31294322,2025,6,Christian McCaffrey,SF,TB,Healthy,N,RB,
00-0037157,0.30693236,2025,6,Bam Knight,ARI,IND,Healthy,N,RB,
00-0040719,0.30545658,2025,6,Bhayshul Tuten,JAX,SEA,Healthy,N,RB,
00-0031237,0.30206293,2025,6,Teddy Bridgewater,TB,SF,Healthy,N,QB,
00-0038809,0.29594898,2025,6,Ben Sims,GB,CIN,Healthy,N,TE,
00-0040194,0.29528078,2025,6,Jackson Hawes,BUF,ATL,Healthy,N,TE,
00-0036040,0.29350168,2025,6,Juwan Johnson,NO,NE,Healthy,N,TE,
00-0040648,0.29329515,2025,6,Tory Horton,SEA,JAX,Healthy,N,WR,
00-0040784,0.29187512,2025,6,Quinshon Judkins,CLE,PIT,Healthy,N,RB,
00-0036980,0.2914965,2025,6,Elijah Moore,BUF,ATL,Healthy,N,WR,
00-0040122,0.28762543,2025,6,Ashton Jeanty,LV,TEN,Healthy,N,RB,
00-0038134,0.28558874,2025,6,Kenneth Walker III,SEA,JAX,Healthy,N,RB,
00-0040466,0.28342566,2025,6,Raheim Sanders,CLE,PIT,Healthy,N,RB,
00-0036862,0.28330636,2025,6,Ben Skowronek,PIT,CLE,Healthy,N,WR,
00-0036630,0.28206173,2025,6,Tylan Wallace,BAL,LA,Healthy,N,WR,
00-0040669,0.28174794,2025,6,Isaac TeSlaa,DET,KC,Healthy,N,WR,
00-0034348,0.28141546,2025,6,Courtland Sutton,DEN,NYJ,Healthy,N,WR,
00-0037240,0.2797197,2025,6,Jameson Williams,DET,KC,Healthy,N,WR,
00-0031381,0.27705428,2025,6,Davante Adams,LA,BAL,Healthy,N,WR,
00-0040668,0.27686268,2025,6,Shedeur Sanders,CLE,PIT,Healthy,N,QB,
00-0032434,0.27588242,2025,6,Brandon Allen,TEN,LV,Healthy,N,QB,
00-0040241,0.27399492,2025,6,Dominic Lovett,DET,KC,Healthy,N,WR,
00-0037228,0.27363494,2025,6,Jaylen Warren,PIT,CLE,Healthy,N,RB,
00-0038824,0.27268532,2025,6,Ryan Miller,TB,SF,Healthy,N,WR,
00-0037112,0.27265838,2025,6,Jake Tonges,SF,TB,Healthy,N,TE,
00-0030061,0.27236488,2025,6,Zach Ertz,WAS,CHI,Healthy,N,TE,
00-0037837,0.2715875,2025,6,Calvin Austin III,PIT,CLE,Healthy,N,WR,
00-0028986,0.27071747,2025,6,Case Keenum,CHI,WAS,Healthy,N,QB,
00-0035644,0.26842508,2025,6,Noah Fant,CIN,GB,Healthy,N,TE,
00-0039305,0.2684007,2025,6,Jack Westover,NE,NO,Healthy,N,RB,
00-0033923,0.26758674,2025,6,Kareem Hunt,KC,DET,Healthy,N,RB,
00-0039918,0.26222965,2025,6,Caleb Williams,CHI,WAS,Healthy,N,QB,
00-0039847,0.26108158,2025,6,Theo Johnson,NYG,PHI,Healthy,N,TE,
00-0033282,0.2555685,2025,6,Curtis Samuel,BUF,ATL,Healthy,N,WR,
00-0036971,0.25491092,2025,6,Trevor Lawrence,JAX,SEA,Healthy,N,QB,
00-0040170,0.2544957,2025,6,Elic Ayomanor,TEN,LV,Healthy,N,WR,
00-0036139,0.2520409,2025,6,Rico Dowdle,CAR,DAL,Healthy,N,RB,
00-0040488,0.24749799,2025,6,Carter Runyon,LV,TEN,Healthy,N,TE,
00-0039074,0.24290836,2025,6,Davis Allen,LA,BAL,Healthy,N,TE,
00-0036997,0.24149011,2025,6,Javonte Williams,DAL,CAR,Healthy,N,RB,
00-0036410,0.2411801,2025,6,Tee Higgins,CIN,GB,Healthy,N,WR,
00-0039064,0.24092667,2025,6,Zay Flowers,BAL,LA,Healthy,N,WR,
00-0040715,0.23678531,2025,6,Cam Skattebo,NYG,PHI,Healthy,N,RB,
00-0038976,0.23384361,2025,6,Marvin Mims Jr.,DEN,NYJ,Healthy,N,WR,
00-0038128,0.22902788,2025,6,Malik Willis,GB,CIN,Healthy,N,QB,
00-0036567,0.22787039,2025,6,Elijah Mitchell,KC,DET,Healthy,N,RB,
00-0039824,0.22787039,2025,6,Jared Wiley,KC,DET,Healthy,N,TE,
00-0039851,0.22351016,2025,6,Drake Maye,NE,NO,Healthy,N,QB,
00-0038621,0.22289225,2025,6,DeMario Douglas,NE,NO,Healthy,N,WR,
00-0036626,0.2203536,2025,6,Dyami Brown,JAX,SEA,Healthy,N,WR,
00-0038839,0.21967179,2025,6,Mitchell Tinsley,CIN,GB,Healthy,N,WR,
00-0033319,0.21842656,2025,6,Nick Mullens,JAX,SEA,Healthy,N,QB,
00-0039165,0.21835767,2025,6,Zach Charbonnet,SEA,JAX,Healthy,N,RB,
00-0038102,0.21738315,2025,6,Kenny Pickett,LV,TEN,Healthy,N,QB,
00-0035100,0.21673504,2025,6,Jake Browning,CIN,GB,Healthy,N,QB,
00-0038794,0.21612388,2025,6,Jaleel McLaughlin,DEN,NYJ,Healthy,N,RB,
00-0037744,0.2151924,2025,6,Trey McBride,ARI,IND,Healthy,N,TE,
00-0034753,0.21463798,2025,6,Mark Andrews,BAL,LA,Healthy,N,TE,
00-0040563,0.21346906,2025,6,Efton Chism III,NE,NO,Healthy,N,WR,
00-0036422,0.21215177,2025,6,Adam Trautman,DEN,NYJ,Healthy,N,TE,
00-0038476,0.21203186,2025,6,Tommy DeVito,NE,NO,Healthy,N,QB,
00-0040058,0.21128547,2025,6,Nick Kallerup,SEA,JAX,Healthy,N,TE,
00-0032268,0.2098037,2025,6,Marcus Mariota,WAS,CHI,Healthy,N,QB,
00-0040225,0.20906296,2025,6,Thomas Fidone II,NYG,PHI,Healthy,N,TE,
00-0033858,0.20815128,2025,6,Jonnu Smith,PIT,CLE,Healthy,N,TE,
00-0037805,0.20562701,2025,6,Jeremy Ruckert,NYJ,DEN,Healthy,N,TE,
00-0039139,0.20475137,2025,6,Jahmyr Gibbs,DET,KC,Healthy,N,RB,
00-0026300,0.20472738,2025,6,Josh Johnson,WAS,CHI,Healthy,N,QB,
00-0040663,0.20412183,2025,6,Harold Fannin Jr.,CLE,PIT,Healthy,N,TE,
00-0033906,0.20339084,2025,6,Alvin Kamara,NO,NE,Healthy,N,RB,
00-0038542,0.20279689,2025,6,Bijan Robinson,ATL,BUF,Healthy,N,RB,
00-0037077,0.2023819,2025,6,Sam Howell,PHI,NYG,Healthy,N,QB,
00-0038400,0.2023819,2025,6,Tanner McKee,PHI,NYG,Healthy,N,QB,
00-0037277,0.20119116,2025,6,Teagan Quitoriano,ATL,BUF,Healthy,N,TE,
00-0033555,0.19841334,2025,6,Mack Hollins,NE,NO,Healthy,N,WR,
00-0035261,0.1948119,2025,6,Tony Pollard,TEN,LV,Healthy,N,RB,
00-0040172,0.19392616,2025,6,Jordan Watkins,SF,TB,Healthy,N,WR,
00-0040177,0.19392616,2025,6,Jordan James,SF,TB,Healthy,N,RB,
00-0038658,0.19383357,2025,6,Adrian Martinez,SF,TB,Healthy,N,QB,
00-0036754,0.19168152,2025,6,Brock Wright,DET,KC,Healthy,N,TE,
00-0038705,0.18058182,2025,6,Emari Demercado,ARI,IND,Healthy,N,RB,
00-0038597,0.17955649,2025,6,Chase Brown,CIN,GB,Healthy,N,RB,
00-0036275,0.17600054,2025,6,D'Andre Swift,CHI,WAS,Healthy,N,RB,
00-0040206,0.17276548,2025,6,Riley Leonard,IND,ARI,Healthy,N,QB,
00-0038543,0.16874811,2025,6,Jaxon Smith-Njigba,SEA,JAX,Healthy,N,WR,
00-0036887,0.16775659,2025,6,Luke Farrell,SF,TB,Healthy,N,TE,
00-0031503,0.16716011,2025,6,Jameis Winston,NYG,PHI,Healthy,N,QB,
00-0040691,0.1666748,2025,6,Jaxson Dart,NYG,PHI,Healthy,N,QB,
00-0040234,0.1665881,2025,6,Quinn Ewers,MIA,LAC,Healthy,N,QB,
00-0040692,0.16533275,2025,6,Jarquez Hunter,LA,BAL,Healthy,N,RB,
00-0040590,0.16533275,2025,6,Konata Mumpfield,LA,BAL,Healthy,N,WR,
00-0038551,0.16460991,2025,6,Kendre Miller,NO,NE,Healthy,N,RB,
00-0037004,0.16365018,2025,6,Hunter Long,JAX,SEA,Healthy,N,TE,
00-0036879,0.16197021,2025,6,Sam Ehlinger,DEN,NYJ,Healthy,N,QB,
00-0035264,0.16197021,2025,6,Jarrett Stidham,DEN,NYJ,Healthy,N,QB,
00-0038608,0.15794258,2025,6,Kayshon Boutte,NE,NO,Healthy,N,WR,
00-0039355,0.1569201,2025,6,Luke McCaffrey,WAS,CHI,Healthy,N,WR,
00-0039917,0.15286233,2025,6,Michael Penix Jr.,ATL,BUF,Healthy,N,QB,
00-0037306,0.15248802,2025,6,John FitzPatrick,GB,CIN,Healthy,N,TE,
00-0036259,0.15085049,2025,6,Jauan Jennings,SF,TB,Healthy,N,WR,
00-0038117,0.14953536,2025,6,Wan'Dale Robinson,NYG,PHI,Healthy,N,WR,
00-0033955,0.14616258,2025,6,Jeremy McNichols,WAS,CHI,Healthy,N,RB,
00-0031345,0.14537658,2025,6,Jimmy Garoppolo,LA,BAL,Healthy,N,QB,
00-0039107,0.14537658,2025,6,Stetson Bennett,LA,BAL,Healthy,N,QB,
00-0037005,0.14391008,2025,6,Tommy Tremble,CAR,DAL,Healthy,N,TE,
00-0037801,0.14210258,2025,6,KaVontae Turpin,DAL,CAR,Healthy,N,WR,
00-0039868,0.14035015,2025,6,Troy Franklin,DEN,NYJ,Healthy,N,WR,
00-0036741,0.13983084,2025,6,Jack Stoll,NO,NE,Healthy,N,TE,
00-0037239,0.13782248,2025,6,Chris Olave,NO,NE,Healthy,N,WR,
00-0034796,0.13549997,2025,6,Lamar Jackson,BAL,LA,Healthy,N,QB,
00-0039150,0.13489749,2025,6,Bryce Young,CAR,DAL,Healthy,N,QB,
00-0039893,0.1304929,2025,6,Brian Thomas Jr.,JAX,SEA,Healthy,N,WR,
00-0037263,0.12879103,2025,6,Tyler Allgeier,ATL,BUF,Healthy,N,RB,
00-0035676,0.12762801,2025,6,A.J. Brown,PHI,NYG,Healthy,N,WR,
00-0039075,0.12407512,2025,6,Puka Nacua,LA,BAL,Healthy,N,WR,
00-0036912,0.12193663,2025,6,DeVonta Smith,PHI,NYG,Healthy,N,WR,
00-0033077,0.1217569,2025,6,Dak Prescott,DAL,CAR,Healthy,N,QB,
00-0033885,0.12123931,2025,6,David Njoku,CLE,PIT,Healthy,N,TE,
00-0039732,0.120315686,2025,6,Bo Nix,DEN,NYJ,Healthy,N,QB,
00-0040734,0.11872001,2025,6,TreVeyon Henderson,NE,NO,Healthy,N,RB,
00-0039915,0.1123715,2025,6,Ladd McConkey,LAC,MIA,Healthy,N,WR,
00-0039738,0.10558321,2025,6,Blake Corum,LA,BAL,Healthy,N,RB,
00-0039342,0.105032876,2025,6,Xavier Legette,CAR,DAL,Healthy,N,WR,
00-0032385,0.10374464,2025,6,Sterling Shepard,TB,SF,Healthy,N,WR,
00-0036328,0.1025323,2025,6,Antonio Gibson,NE,NO,Healthy,N,RB,
00-0040735,0.101446,2025,6,Luther Burden III,CHI,WAS,Healthy,N,WR,
00-0034959,0.100351356,2025,6,Andrew Beck,NYJ,DEN,Healthy,N,RB,
00-0035500,0.10033982,2025,6,Greg Dortch,ARI,IND,Healthy,N,WR,
00-0036550,0.099503174,2025,6,Rashod Bateman,BAL,LA,Healthy,N,WR,
00-0030506,0.09872674,2025,6,Travis Kelce,KC,DET,Healthy,N,TE,
00-0036875,0.09410979,2025,6,Rhamondre Stevenson,NE,NO,Healthy,N,RB,
00-0033376,0.09107223,2025,6,Patrick Ricard,BAL,LA,Healthy,N,RB,
00-0034975,0.085192576,2025,6,Justice Hill,BAL,LA,Healthy,N,RB,
00-0034521,0.08452258,2025,6,Allen Lazard,NYJ,DEN,Healthy,N,WR,
00-0040198,0.08277075,2025,6,Ollie Gordon II,MIA,LAC,Healthy,N,RB,
00-0037197,0.082770295,2025,6,Isiah Pacheco,KC,DET,Healthy,N,RB,
00-0037267,0.08211719,2025,6,Jerome Ford,CLE,PIT,Healthy,N,RB,
00-0035631,0.074484855,2025,6,Drew Sample,CIN,GB,Healthy,N,TE,
00-0038606,0.07287132,2025,6,Parker Washington,JAX,SEA,Healthy,N,WR,
00-0036849,0.070371374,2025,6,Tutu Atwell,LA,BAL,Healthy,N,WR,
00-0040730,0.0679918,2025,6,RJ Harvey,DEN,NYJ,Healthy,N,RB,
00-0035662,0.06299336,2025,6,Marquise Brown,KC,DET,Healthy,N,WR,
00-0033119,0.0625132,2025,6,Jacoby Brissett,ARI,IND,Healthy,N,QB,
00-0036290,0.061012104,2025,6,Cole Kmet,CHI,WAS,Healthy,N,TE,
00-0039065,0.059457213,2025,6,Sam LaPorta,DET,KC,Healthy,N,TE,
00-0034827,0.058858555,2025,6,DJ Moore,CHI,WAS,Healthy,N,WR,
00-0030564,0.05600527,2025,6,DeAndre Hopkins,BAL,LA,Healthy,N,WR,
00-0031408,0.052219328,2025,6,Mike Evans,TB,SF,Healthy,N,WR,
00-0040782,0.049761623,2025,6,Isaiah Bond,CLE,PIT,Healthy,N,WR,
00-0035021,0.049549315,2025,6,Ashton Dulin,IND,ARI,Healthy,N,WR,
00-0039041,0.048849214,2025,6,Elijah Higgins,ARI,IND,Healthy,N,TE,
00-0037238,0.048645075,2025,6,Drake London,ATL,BUF,Healthy,N,WR,
00-0033526,0.04542662,2025,6,Samaje Perine,CIN,GB,Healthy,N,RB,
00-0037304,0.044125684,2025,6,Connor Heyward,PIT,CLE,Healthy,N,TE,
00-0033881,0.043752268,2025,6,Evan Engram,DEN,NYJ,Healthy,N,TE,
00-0040237,0.04293522,2025,6,Tez Johnson,TB,SF,Healthy,N,WR,
00-0029892,0.04109414,2025,6,Kyle Juszczyk,SF,TB,Healthy,N,RB,
00-0033857,0.03915701,2025,6,JuJu Smith-Schuster,KC,DET,Healthy,N,WR,
00-0039737,0.038648836,2025,6,Tip Reiman,ARI,IND,Healthy,N,TE,
00-0040705,0.03820402,2025,6,Chimere Dike,TEN,LV,Healthy,N,WR,
00-0038120,0.038067006,2025,6,Breece Hall,NYJ,DEN,Healthy,N,RB,
00-0036970,0.037829373,2025,6,Kyle Pitts,ATL,BUF,Healthy,N,TE,
00-0039746,0.03737722,2025,6,Will Shipley,PHI,NYG,Healthy,N,RB,
00-0033891,0.036956955,2025,6,Zay Jones,ARI,IND,Healthy,N,WR,
00-0032464,0.034389444,2025,6,Kalif Raymond,DET,KC,Healthy,N,WR,
00-0036646,0.034191124,2025,6,Simi Fehoko,ARI,IND,Healthy,N,WR,
00-0038456,0.034191124,2025,6,Travis Vokolek,ARI,IND,Healthy,N,TE,
00-0039521,0.034191124,2025,6,Xavier Weaver,ARI,IND,Healthy,N,WR,
00-0040644,0.03416909,2025,6,Trevor Etienne,CAR,DAL,Healthy,N,RB,
00-0034270,0.033745702,2025,6,Tyler Conklin,LAC,MIA,Healthy,N,TE,
00-0039920,0.03314058,2025,6,Malachi Corley,CLE,PIT,Healthy,N,WR,
00-0038619,0.031874765,2025,6,Andrei Iosivas,CIN,GB,Healthy,N,WR,
00-0038454,0.031595826,2025,6,Keaton Mitchell,BAL,LA,Healthy,N,RB,
00-0040218,0.03127364,2025,6,Jimmy Horn Jr.,CAR,DAL,Healthy,N,WR,
00-0040202,0.03110392,2025,6,Devin Neal,NO,NE,Healthy,N,RB,
00-0037617,0.029474014,2025,6,Hassan Haskins,LAC,MIA,Healthy,N,RB,
00-0040704,0.029396277,2025,6,Dillon Gabriel,CLE,PIT,Healthy,N,QB,
00-0039032,0.028672857,2025,6,Tyjae Spears,TEN,LV,Healthy,N,RB,
00-0039875,0.027602106,2025,6,Ray Davis,BUF,ATL,Healthy,N,RB,
00-0036265,0.026925039,2025,6,AJ Dillon,PHI,NYG,Healthy,N,RB,
00-0033090,0.026885118,2025,6,Hunter Henry,NE,NO,Healthy,N,TE,
00-0039379,0.026806619,2025,6,Jamari Thrash,CLE,PIT,Healthy,N,WR,
00-0038951,0.026777077,2025,6,Sean Tucker,TB,SF,Healthy,N,RB,
00-0040667,0.02659895,2025,6,Matthew Golden,GB,CIN,Healthy,N,WR,
00-0038573,0.026442792,2025,6,Derius Davis,LAC,MIA,Healthy,N,WR,
00-0038555,0.026373586,2025,6,Tank Bigsby,PHI,NYG,Healthy,N,RB,
00-0035537,0.02594133,2025,6,Ty Johnson,BUF,ATL,Healthy,N,RB,
00-0039796,0.025678532,2025,6,Rasheen Ali,BAL,LA,Healthy,N,RB,
00-0040142,0.025200408,2025,6,Kaleb Johnson,PIT,CLE,Healthy,N,RB,
00-0040075,0.024659911,2025,6,LaJohntay Wester,BAL,LA,Healthy,N,WR,
00-0037594,0.024387117,2025,6,Julius Chestnut,TEN,LV,Healthy,N,RB,
00-0037013,0.024259748,2025,6,Zach Wilson,MIA,LAC,Healthy,N,QB,
00-0040259,0.023888752,2025,6,Gage Larvadain,CLE,PIT,Healthy,N,WR,
00-0038710,0.02368113,2025,6,Blake Whiteheart,CLE,PIT,Healthy,N,TE,
00-0039894,0.023511248,2025,6,Xavier Worthy,KC,DET,Healthy,N,WR,
00-0037012,0.023010401,2025,6,Trey Lance,LAC,MIA,Healthy,N,QB,
00-0040124,0.022729078,2025,6,Tetairoa McMillan,CAR,DAL,Healthy,N,WR,
00-0032398,0.022254078,2025,6,Chris Moore,WAS,CHI,Healthy,N,WR,
00-0036355,0.02215158,2025,6,Justin Herbert,LAC,MIA,Healthy,N,QB,
00-0023459,0.021564681,2025,6,Aaron Rodgers,PIT,CLE,Healthy,N,QB,
00-0036407,0.021290291,2025,6,Jerry Jeudy,CLE,PIT,Healthy,N,WR,
00-0038685,0.021110076,2025,6,Chris Brooks,GB,CIN,Healthy,N,RB,
00-0035298,0.0209778,2025,6,Scott Miller,PIT,CLE,Healthy,N,WR,
00-0028118,0.020825474,2025,6,Tyrod Taylor,NYJ,DEN,Healthy,N,QB,
00-0038558,0.020516297,2025,6,Darnell Washington,PIT,CLE,Healthy,N,TE,
00-0039739,0.020516297,2025,6,Roman Wilson,PIT,CLE,Healthy,N,WR,
00-0035125,0.02034767,2025,6,Alec Ingold,MIA,LAC,Healthy,N,RB,
00-0039376,0.01993823,2025,6,Spencer Rattler,NO,NE,Healthy,N,QB,
00-0031236,0.019704143,2025,6,Brandin Cooks,NO,NE,Healthy,N,WR,
00-0036415,0.019692084,2025,6,Van Jefferson,TEN,LV,Healthy,N,WR,
00-0033869,0.019271882,2025,6,Mitchell Trubisky,BUF,ATL,Healthy,N,QB,
00-0038797,0.019229734,2025,6,Emanuel Wilson,GB,CIN,Healthy,N,RB,
00-0038046,0.018726569,2025,6,Charlie Kolar,BAL,LA,Healthy,N,TE,
00-0037340,0.018726569,2025,6,Zaire Mitchell-Paden,BAL,LA,Healthy,N,TE,
00-0037838,0.018726569,2025,6,Isaiah Likely,BAL,LA,Healthy,N,TE,
00-0040009,0.018685251,2025,6,Savion Williams,GB,CIN,Healthy,N,WR,
00-0036894,0.018517233,2025,6,Pat Freiermuth,PIT,CLE,Healthy,N,TE,
00-0038840,0.018500034,2025,6,Brycen Tremayne,CAR,DAL,Healthy,N,WR,
00-0039356,0.018500034,2025,6,Ja'Tavion Sanders,CAR,DAL,Healthy,N,TE,
00-0037120,0.018018149,2025,6,Tyler Goodson,IND,ARI,Healthy,N,RB,
00-0034829,0.017726524,2025,6,Mike Gesicki,CIN,GB,Healthy,N,TE,
00-0036425,0.017648572,2025,6,DeeJay Dallas,CAR,DAL,Healthy,N,RB,
00-0034855,0.017603276,2025,6,Baker Mayfield,TB,SF,Healthy,N,QB,
00-0039798,0.017352054,2025,6,Isaiah Davis,NYJ,DEN,Healthy,N,RB,
00-0037282,0.017259018,2025,6,James Mitchell,CAR,DAL,Healthy,N,TE,
00-0032211,0.017105943,2025,6,Tyler Lockett,TEN,LV,Healthy,N,WR,
00-0037086,0.01706619,2025,6,Grant Calcaterra,PHI,NYG,Healthy,N,TE,
00-0037614,0.01706619,2025,6,John Metchie III,PHI,NYG,Healthy,N,WR,
00-0038416,0.017039767,2025,6,Tyson Bagent,CHI,WAS,Healthy,N,QB,
00-0035689,0.016673481,2025,6,Dawson Knox,BUF,ATL,Healthy,N,TE,
00-0034159,0.0166369,2025,6,Will Dissly,LAC,MIA,Healthy,N,TE,
00-0034771,0.016543081,2025,6,Mason Rudolph,PIT,CLE,Healthy,N,QB,
00-0038040,0.016319325,2025,6,Zamir White,LV,TEN,Healthy,N,RB,
00-0036876,0.016109275,2025,6,Kylen Granson,PHI,NYG,Healthy,N,TE,
00-0038564,0.016109275,2025,6,Cameron Latu,PHI,NYG,Healthy,N,TE,
00-0033217,0.01590837,2025,6,Mo Alie-Cox,IND,ARI,Healthy,N,TE,
00-0040676,0.015833268,2025,6,Cam Ward,TEN,LV,Healthy,N,QB,
00-0040727,0.015731808,2025,6,Tre Harris,LAC,MIA,Healthy,N,WR,
00-0033943,0.015709437,2025,6,Josh Reynolds,NYJ,DEN,Healthy,N,WR,
00-0033662,0.015536337,2025,6,Cooper Rush,BAL,LA,Healthy,N,QB,
00-0035208,0.015458494,2025,6,Olamide Zaccheaus,CHI,WAS,Healthy,N,WR,
00-0038129,0.015286331,2025,6,Cade Otton,TB,SF,Healthy,N,TE,
00-0039650,0.015105424,2025,6,Bryce Oliver,TEN,LV,Healthy,N,WR,
00-0039648,0.015105424,2025,6,David Martin-Robinson,TEN,LV,Healthy,N,TE,
00-0037654,0.0150486715,2025,6,Tucker Fisk,LAC,MIA,Healthy,N,TE,
00-0040584,0.014851882,2025,6,Gunnar Helm,TEN,LV,Healthy,N,TE,
00-0038614,0.014666637,2025,6,Scott Matlock,LAC,MIA,Healthy,N,RB,
00-0039910,0.014505898,2025,6,Jayden Daniels,WAS,CHI,Healthy,N,QB,
00-0040078,0.014501679,2025,6,Brashard Smith,KC,DET,Healthy,N,RB,
00-0039880,0.014481357,2025,6,Malik Washington,MIA,LAC,Healthy,N,WR,
00-0036988,0.014465109,2025,6,Josh Palmer,BUF,ATL,Healthy,N,WR,
00-0036264,0.014352793,2025,6,Jordan Love,GB,CIN,Healthy,N,QB,
00-0040184,0.014286432,2025,6,KeAndre Lambert-Smith,LAC,MIA,Healthy,N,WR,
00-0040236,0.014265014,2025,6,Kyle Monangai,CHI,WAS,Healthy,N,RB,
00-0037085,0.014058478,2025,6,Tyler Badie,DEN,NYJ,Healthy,N,RB,
00-0040743,0.01396322,2025,6,Tyler Shough,NO,NE,Healthy,N,QB,
00-0040189,0.013795682,2025,6,Oronde Gadsden II,LAC,MIA,Healthy,N,TE,
00-0038496,0.013562073,2025,6,Xavier Gipson,PHI,NYG,Healthy,N,WR,
00-0036212,0.013437664,2025,6,Tua Tagovailoa,MIA,LAC,Healthy,N,QB,
00-0039407,0.013324677,2025,6,Dylan Laube,LV,TEN,Healthy,N,RB,
00-0038393,0.013262763,2025,6,Dontayvion Wicks,GB,CIN,Healthy,N,WR,
00-0031687,0.013184898,2025,6,Raheem Mostert,LV,TEN,Healthy,N,RB,
00-0037741,0.013163907,2025,6,Jahan Dotson,PHI,NYG,Healthy,N,WR,
00-0033106,0.012984795,2025,6,Jared Goff,DET,KC,Healthy,N,QB,
00-0026158,0.012938626,2025,6,Joe Flacco,CIN,GB,Healthy,N,QB,
00-0038679,0.012885176,2025,6,Tyrell Shavers,BUF,ATL,Healthy,N,WR,
00-0038611,0.012725158,2025,6,Chris Rodriguez Jr.,WAS,CHI,Healthy,N,RB,
00-0033921,0.012305468,2025,6,Chris Godwin Jr.,TB,SF,Healthy,N,WR,
00-0038738,0.012136692,2025,6,Hunter Luepke,DAL,CAR,Healthy,N,RB,
00-0036427,0.012130667,2025,6,Tyler Johnson,NYJ,DEN,Healthy,N,WR,
00-0033908,0.012000219,2025,6,Cooper Kupp,SEA,JAX,Healthy,N,WR,
00-0036187,0.011923226,2025,6,Reggie Gilliam,BUF,ATL,Healthy,N,RB,
00-0035250,0.011628531,2025,6,Devin Singletary,NYG,PHI,Healthy,N,RB,
00-0039384,0.011628531,2025,6,Tyrone Tracy Jr.,NYG,PHI,Healthy,N,RB,
00-0039299,0.011627272,2025,6,George Holani,SEA,JAX,Healthy,N,RB,
00-0038465,0.0115769375,2025,6,Malik Heath,GB,CIN,Healthy,N,WR,
00-0038090,0.011515518,2025,6,Skyy Moore,SF,TB,Healthy,N,WR,
00-0027973,0.011401499,2025,6,Andy Dalton,CAR,DAL,Healthy,N,QB,
00-0033357,0.011401499,2025,6,Taysom Hill,NO,NE,Healthy,N,QB,
00-0039751,0.011222041,2025,6,Jordan Whittington,LA,BAL,Healthy,N,WR,
00-0036358,0.011160557,2025,6,CeeDee Lamb,DAL,CAR,Healthy,N,WR,
00-0040164,0.011155312,2025,6,Jaylin Lane,WAS,CHI,Healthy,N,WR,
00-0037809,0.011067509,2025,6,Chig Okonkwo,TEN,LV,Healthy,N,TE,
00-0040729,0.010939794,2025,6,Jack Bech,LV,TEN,Healthy,N,WR,
00-0040736,0.010909863,2025,6,Mason Taylor,NYJ,DEN,Healthy,N,TE,
00-0040582,0.010766696,2025,6,Arian Smith,NYJ,DEN,Healthy,N,WR,
00-0039631,0.010578342,2025,6,Cam Grandy,CIN,GB,Healthy,N,TE,
00-0030565,0.010412421,2025,6,Geno Smith,LV,TEN,Healthy,N,QB,
00-0035659,0.0104032615,2025,6,Terry McLaurin,WAS,CHI,Healthy,N,WR,
00-0039890,0.010334485,2025,6,Adonai Mitchell,IND,ARI,Healthy,N,WR,
00-0037664,0.010272509,2025,6,Alec Pierce,IND,ARI,Healthy,N,WR,
00-0038896,0.010250958,2025,6,Jacob Saylors,DET,KC,Healthy,N,RB,
00-0034837,0.0101246275,2025,6,Calvin Ridley,TEN,LV,Healthy,N,WR,
00-0040179,0.010118618,2025,6,DJ Giddens,IND,ARI,Healthy,N,RB,
00-0031484,0.010057846,2025,6,Chris Manhertz,NYG,PHI,Healthy,N,TE,
00-0033576,0.010020148,2025,6,Eric Saubert,SEA,JAX,Healthy,N,TE,
00-0029263,0.010015457,2025,6,Russell Wilson,NYG,PHI,Healthy,N,QB,
00-0034869,0.009980677,2025,6,Sam Darnold,SEA,JAX,Healthy,N,QB,
00-0035567,0.009966001,2025,6,Craig Reynolds,DET,KC,Healthy,N,RB,
00-0039144,0.009845551,2025,6,Luke Musgrave,GB,CIN,Healthy,N,TE,
00-0039410,0.009834187,2025,6,Ryan Flournoy,DAL,CAR,Healthy,N,WR,
00-0036906,0.009737497,2025,6,Khalil Herbert,NYJ,DEN,Healthy,N,RB,
00-0039050,0.009716173,2025,6,Payne Durham,TB,SF,Healthy,N,TE,
00-0039754,0.009716173,2025,6,Devin Culp,TB,SF,Healthy,N,TE,
00-0039589,0.009716173,2025,6,Kameron Johnson,TB,SF,Healthy,N,WR,
00-0040238,0.009461126,2025,6,LeQuint Allen Jr.,JAX,SEA,Healthy,N,RB,
00-0040673,0.009194906,2025,6,Jalen Milroe,SEA,JAX,Healthy,N,QB,
00-0036842,0.008846858,2025,6,Kene Nwangwu,NYJ,DEN,Healthy,N,RB,
00-0040581,0.008728894,2025,6,Dont'e Thornton Jr.,LV,TEN,Healthy,N,WR,
00-0039066,0.008584394,2025,6,Michael Mayer,LV,TEN,Healthy,N,TE,
00-0040429,0.008425851,2025,6,Josh Williams,TB,SF,Healthy,N,RB,
00-0038519,0.007967563,2025,6,Nikko Remigio,KC,DET,Healthy,N,WR,
00-0040586,0.007858,2025,6,Jaydon Blue,DAL,CAR,Healthy,N,RB,
00-0039164,0.00784038,2025,6,Anthony Richardson,IND,ARI,Healthy,N,QB,
00-0036972,0.0077464785,2025,6,Mac Jones,SF,TB,Healthy,N,QB,
00-0040208,0.0074709575,2025,6,Tahj Brooks,CIN,GB,Healthy,N,RB,
00-0039686,0.007318045,2025,6,Colson Yankoff,WAS,CHI,Healthy,N,TE,
00-0039912,0.007318045,2025,6,Ben Sinnott,WAS,CHI,Healthy,N,TE,
00-0040547,0.0071967244,2025,6,Nate Carter,ATL,BUF,Healthy,N,RB,
00-0036628,0.0071548545,2025,6,John Bates,WAS,CHI,Healthy,N,TE,
00-0039816,0.0071150423,2025,6,Anthony Gould,IND,ARI,Healthy,N,WR,
00-0037292,0.0071150423,2025,6,Andrew Ogletree,IND,ARI,Healthy,N,TE,
00-0037834,0.007104345,2025,6,Brock Purdy,SF,TB,Healthy,N,QB,
00-0037348,0.0070632435,2025,6,Tanner Conner,MIA,LAC,Healthy,N,TE,
00-0038576,0.0069498047,2025,6,Charlie Jones,CIN,GB,Healthy,N,WR,
00-0038997,0.006936864,2025,6,Josh Downs,IND,ARI,Healthy,N,WR,
00-0033591,0.0068423804,2025,6,Noah Brown,WAS,CHI,Healthy,N,WR,
00-0037746,0.0066976612,2025,6,Brian Robinson,SF,TB,Healthy,N,RB,
00-0038590,0.0066215973,2025,6,Justin Shorter,LV,TEN,Healthy,N,WR,
00-0040126,0.006616703,2025,6,Colston Loveland,CHI,WAS,Healthy,N,TE,
00-0033307,0.006527322,2025,6,Kendrick Bourne,SF,TB,Healthy,N,WR,
00-0035602,0.006473836,2025,6,Alex Bachman,LV,TEN,Healthy,N,WR,
00-0037093,0.006396786,2025,6,Dareke Young,SEA,JAX,Healthy,N,WR,
00-0038115,0.0063754185,2025,6,Daniel Bellinger,NYG,PHI,Healthy,N,TE,
00-0033375,0.0063565164,2025,6,Tim Patrick,JAX,SEA,Healthy,N,WR,
00-0033246,0.0063565164,2025,6,Johnny Mundt,JAX,SEA,Healthy,N,TE,
00-0036727,0.0063180425,2025,6,Adam Prentice,DEN,NYJ,Healthy,N,RB,
00-0039338,0.006217644,2025,6,Brock Bowers,LV,TEN,Healthy,N,TE,
00-0034960,0.006217644,2025,6,Jakobi Meyers,LV,TEN,Healthy,N,WR,
00-0034577,0.0061341664,2025,6,Kyle Allen,DET,KC,Healthy,N,QB,
00-0040739,0.006102309,2025,6,Elijah Arroyo,SEA,JAX,Healthy,N,TE,
00-0040432,0.0060839024,2025,6,Beaux Collins,NYG,PHI,Healthy,N,WR,
00-0038720,0.006002802,2025,6,Julian Hill,MIA,LAC,Healthy,N,TE,
00-0033110,0.0058790813,2025,6,Tyler Higbee,LA,BAL,Healthy,N,TE,
00-0035704,0.0056947484,2025,6,Drew Lock,SEA,JAX,Healthy,N,QB,
00-0036620,0.0055707833,2025,6,Dee Eskridge,MIA,LAC,Healthy,N,WR,
00-0038938,0.005517264,2025,6,Jalin Hyatt,NYG,PHI,Healthy,N,WR,
00-0035645,0.005517264,2025,6,Gunner Olszewski,NYG,PHI,Healthy,N,WR,
00-0036182,0.0054463423,2025,6,Nick Westbrook-Ikhine,MIA,LAC,Healthy,N,WR,
00-0040737,0.00540428,2025,6,Terrance Ferguson,LA,BAL,Healthy,N,TE,
00-0036590,0.0052888747,2025,6,Quintin Morris,JAX,SEA,Healthy,N,TE,
00-0039916,0.0052281646,2025,6,Ricky Pearsall,SF,TB,Healthy,N,WR,
00-0040718,0.0052093505,2025,6,Travis Hunter,JAX,SEA,Healthy,N,WR,
00-0039364,0.005204917,2025,6,Sione Vaki,DET,KC,Healthy,N,RB,
00-0036331,0.0051962207,2025,6,Devin Duvernay,CHI,WAS,Healthy,N,WR,
00-0039021,0.0051962207,2025,6,Roschon Johnson,CHI,WAS,Healthy,N,RB,
00-0035535,0.005150284,2025,6,Darius Slayton,NYG,PHI,Healthy,N,WR,
00-0040134,0.0050642034,2025,6,Pat Bryant,DEN,NYJ,Healthy,N,WR,
00-0037666,0.005010636,2025,6,Jalen Tolbert,DAL,CAR,Healthy,N,WR,
00-0038752,0.0049316916,2025,6,Jake Bobo,SEA,JAX,Healthy,N,WR,
00-0034365,0.0049002133,2025,6,Ian Thomas,LV,TEN,Healthy,N,TE,
00-0038488,0.0047263904,2025,6,Brady Russell,SEA,JAX,Healthy,N,RB,
00-0035891,0.0046801143,2025,6,Cody White,SEA,JAX,Healthy,N,WR,
00-0033949,0.0046730163,2025,6,Joshua Dobbs,NE,NO,Healthy,N,QB,
00-0040277,0.0046393326,2025,6,Jahdae Walker,CHI,WAS,Healthy,N,WR,
00-0040131,0.004549866,2025,6,Kyle Williams,NE,NO,Healthy,N,WR,
00-0040646,0.0045241476,2025,6,Jalen Royals,KC,DET,Healthy,N,WR,
00-0038492,0.0044378103,2025,6,Jason Brownlee,KC,DET,Healthy,N,WR,
00-0038359,0.00441412,2025,6,Xavier Smith,LA,BAL,Healthy,N,WR,
00-0038783,0.0043771593,2025,6,Nate Adkins,DEN,NYJ,Healthy,N,TE,
00-0036637,0.0043385676,2025,6,Noah Gray,KC,DET,Healthy,N,TE,
00-0036244,0.004315356,2025,6,Colby Parkinson,LA,BAL,Healthy,N,TE,
00-0032775,0.004288725,2025,6,Demarcus Robinson,SF,TB,Healthy,N,WR,
00-0026498,0.004194748,2025,6,Matthew Stafford,LA,BAL,Healthy,N,QB,
00-0039398,0.0041842023,2025,6,Joe Milton III,DAL,CAR,Healthy,N,QB,
00-0035289,0.0041454798,2025,6,Gardner Minshew,KC,DET,Healthy,N,QB,
00-0029604,0.0040110056,2025,6,Kirk Cousins,ATL,BUF,Healthy,N,QB,
00-0036429,0.0039177923,2025,6,Charlie Woerner,ATL,BUF,Healthy,N,TE,
00-0032392,0.003915949,2025,6,Austin Hooper,NE,NO,Healthy,N,TE,
00-0033572,0.0037312629,2025,6,Jamal Agnew,ATL,BUF,Healthy,N,WR,
00-0034407,0.0037223964,2025,6,Ray-Ray McCloud,ATL,BUF,Healthy,N,WR,
00-0034487,0.0037109093,2025,6,Trent Sherfield,DEN,NYJ,Healthy,N,WR,
00-0036309,0.0037027344,2025,6,Darnell Mooney,ATL,BUF,Healthy,N,WR,
00-0038547,0.0036005464,2025,6,Luke Schoonmaker,DAL,CAR,Healthy,N,TE,
00-0038643,0.0035730053,2025,6,Brayden Willis,SF,TB,Healthy,N,TE,
00-0039363,0.0035730053,2025,6,Isaac Guerendo,SF,TB,Healthy,N,RB,
00-0031588,0.00351619,2025,6,Stefon Diggs,NE,NO,Healthy,N,WR,
00-0034272,0.0034929947,2025,6,Marquez Valdes-Scantling,SF,TB,Healthy,N,WR,
00-0039394,0.003452219,2025,6,Casey Washington,ATL,BUF,Healthy,N,WR,
00-0039530,0.0034504675,2025,6,Brevyn Spann-Ford,DAL,CAR,Healthy,N,TE,
00-0033757,0.0033598628,2025,6,Robert Tonyan,KC,DET,Healthy,N,TE,
00-0036825,0.0029994908,2025,6,Feleipe Franks,ATL,BUF,Healthy,N,TE,
00-0035359,0.0029323185,2025,6,David Sills,ATL,BUF,Healthy,N,WR,
00-0034854,0.0025237554,2025,6,KhaDarel Hodge,ATL,BUF,Healthy,N,WR,
